{
  "boundary_pslack": {
    "38": 5000000
  },
  "boundary_compressor": {
    "4": {
      "control_type": 0,
      "value": 1.5
    },
    "1": {
      "control_type": 0,
      "value": 1.5
    },
    "5": {
      "control_type": 0,
      "value": 1.5
    },
    "2": {
      "control_type": 0,
      "value": 1.5
    },
    "6": {
      "control_type": 0,
      "value": 1.5
    },
    "3": {
      "control_type": 0,
      "value": 1.5
    }
  },
  "boundary_nonslack_flow": {
    "32": 16.354166666666664,
    "29": 16.354166666666664,
    "1": 0.0,
    "24": 16.354166666666664,
    "12": 16.354166666666664,
    "20": 16.354166666666664,
    "4": 0.0,
    "2": 0.0,
    "25": 16.354166666666664,
    "6": 0.0,
    "23": 16.354166666666664,
    "22": 16.354166666666664,
    "11": 16.354166666666664,
    "35": 16.354166666666664,
    "13": 16.354166666666664,
    "27": 16.354166666666664,
    "31": 16.354166666666664,
    "5": 0.0,
    "15": 16.354166666666664,
    "33": 16.354166666666664,
    "28": 16.354166666666664,
    "16": 16.354166666666664,
    "14": 16.354166666666664,
    "39": -158.09027777777774,
    "40": -158.09027777777774,
    "21": 16.354166666666664,
    "7": 0.0,
    "34": 16.354166666666664,
    "8": 0.0,
    "36": 16.354166666666664,
    "26": 16.354166666666664,
    "17": 16.354166666666664,
    "10": 16.354166666666664,
    "19": 16.354166666666664,
    "37": 16.354166666666664,
    "9": 16.354166666666664,
    "18": 16.354166666666664,
    "30": 16.354166666666664,
    "3": 0.0
  }
}
