{
  "nodal_pressure": {
    "5": 4.201258644461632e6,
    "35": 7.139690201729536e6,
    "20": 7.4278269074857235e6,
    "16": 7.487194452434778e6,
    "12": 6.845165144652128e6,
    "24": 4.986937299370766e6,
    "28": 4.1889219135046005e6,
    "8": 7.481018992608485e6,
    "17": 7.230066362768412e6,
    "37": 7.185116495937109e6,
    "1": 7.488780471698594e6,
    "23": 7.137165371328592e6,
    "32": 7.238462280482054e6,
    "22": 6.8551949970424175e6,
    "6": 4.948750830107975e6,
    "19": 4.167467775380411e6,
    "11": 4.9925203144657295e6,
    "36": 7.232527825981379e6,
    "30": 7.437726739794016e6,
    "31": 4.987345995072324e6,
    "9": 7.135418314486742e6,
    "14": 4.951339021325111e6,
    "3": 4.203937903046608e6,
    "39": 5.000903836296178e6,
    "29": 7.437264863401651e6,
    "33": 7.206521932035685e6,
    "25": 6.856442157179117e6,
    "7": 7.501355754444268e6,
    "40": 2.8015196603093226e6,
    "34": 7.140572179108858e6,
    "4": 4.202279490463984e6,
    "13": 4.950355187058449e6,
    "15": 7.427120011299849e6,
    "2": 6.251201663070617e6,
    "27": 7.253107611089945e6,
    "38": 5.000000014901161e6,
    "21": 7.244692448526621e6,
    "26": 7.423126245161964e6,
    "10": 4.993272140622139e6,
    "18": 7.155374754220247e6
  },
  "pipe_flow": {
    "5": 25.298123883687307,
    "35": -76.31944444444439,
    "20": -61.49166668583492,
    "16": 16.354166666666664,
    "12": 16.354166666666664,
    "24": 47.53611109194282,
    "28": 89.86335344003419,
    "8": 16.354166666666664,
    "17": -42.03810489336815,
    "37": 107.06895721702061,
    "1": 158.0902777777778,
    "23": -43.61111111111106,
    "32": -424.1179939203707,
    "22": 63.8902777586095,
    "6": 32.70833333333333,
    "19": -92.6736111111111,
    "11": -40.11854278297935,
    "36": 157.59181194927547,
    "30": 73.50918677336753,
    "31": 32.70833333333333,
    "9": 32.70833333333333,
    "14": -47.14293788961118,
    "3": 74.3606238836873,
    "39": 34.16868806558816,
    "29": -89.86335344003419,
    "33": 298.7360494759262,
    "25": -158.09027777777774,
    "7": 49.062499999999986,
    "34": -59.96527777777772,
    "4": -125.38194444444447,
    "13": -56.472709449646004,
    "15": -25.683938226701482,
    "2": -29.328416490689687,
    "27": -298.7360494759262,
    "21": 16.354166666666664,
    "38": 90.71479055035397,
    "26": 68.22692433774355,
    "10": 16.354166666666664,
    "18": 87.7206880507245
  },
  "compressor_flow": {
    "5": 158.09027777777774,
    "4": 158.09027777777774,
    "6": 125.38194444444447,
    "2": 16.354166666666664,
    "3": 424.1179939203707,
    "1": 43.61111111111106
  },
  "nodal_density": {
    "5": 34.29775171413147,
    "35": 62.79449628308248,
    "20": 65.78861302080821,
    "16": 66.40995267338212,
    "12": 59.77087344422988,
    "24": 41.55375773324253,
    "28": 34.185933450075936,
    "8": 66.3452498336649,
    "17": 63.72978192387672,
    "37": 63.26416554315975,
    "1": 66.42657269665915,
    "23": 62.76841769996852,
    "32": 63.81684787953857,
    "22": 59.873227701731686,
    "6": 41.19495899273415,
    "19": 33.991632172508226,
    "11": 41.606268061522016,
    "36": 63.75530424309836,
    "30": 65.89211924971082,
    "31": 41.55760121350683,
    "9": 62.750374223562005,
    "14": 41.21925774856127,
    "3": 34.3220447542926,
    "39": 41.68514335602938,
    "29": 65.8872892328219,
    "33": 63.485786968989444,
    "25": 59.885957945198456,
    "7": 66.55838836317292,
    "40": 22.028048807750217,
    "34": 62.80360673685463,
    "4": 34.307007438210164,
    "13": 41.210020862836316,
    "15": 65.78122378377049,
    "2": 53.78659132055377,
    "27": 63.96879297644964,
    "38": 41.6766384151245,
    "21": 63.88147451814756,
    "26": 65.73948069126051,
    "10": 41.61334028891609,
    "18": 62.95656097674648
  }
}
