{
  "nodal_pressure": {
    "5": 4.234270915389061e6,
    "35": 7.059319484978914e6,
    "20": 7.412943597882986e6,
    "16": 7.4808863662183285e6,
    "12": 6.696837108582258e6,
    "24": 4.984958991408348e6,
    "28": 4.220467194914818e6,
    "8": 7.478144209831953e6,
    "17": 7.17032565549016e6,
    "37": 7.115126732736826e6,
    "1": 7.482831034809351e6,
    "23": 7.056217309087515e6,
    "32": 7.180633384734392e6,
    "22": 6.709202159196138e6,
    "6": 4.938120469450951e6,
    "19": 4.196461513638496e6,
    "11": 4.988553866744041e6,
    "36": 7.173348035663366e6,
    "30": 7.42508052662015e6,
    "31": 4.985429629683495e6,
    "9": 7.0540698654949665e6,
    "14": 4.9411032646894455e6,
    "3": 4.230973944067955e6,
    "39": 5.002044036984444e6,
    "29": 7.424513977020979e6,
    "33": 7.141415197402239e6,
    "25": 6.710739400237799e6,
    "7": 7.503066290169954e6,
    "40": 2.8236087262630463e6,
    "34": 7.060403298586607e6,
    "4": 4.235413089394569e6,
    "13": 4.939969226717949e6,
    "15": 7.412077110260725e6,
    "2": 6.294692035764456e6,
    "27": 7.19861276820302e6,
    "38": 5.000000014901161e6,
    "21": 7.188282508403063e6,
    "26": 7.407180938869715e6,
    "10": 4.989420041441917e6,
    "18": 7.078590620309114e6
  },
  "pipe_flow": {
    "5": 25.298123883687303,
    "35": -76.31944444444439,
    "20": -61.491666685834936,
    "16": 16.354166666666664,
    "12": 16.354166666666664,
    "24": 47.53611109194282,
    "28": 89.86335344003419,
    "8": 16.354166666666664,
    "17": -42.03810489336815,
    "37": 107.06895721702061,
    "1": 158.0902777777778,
    "23": -43.61111111111106,
    "32": -400.00813876188255,
    "22": 63.890277758609486,
    "6": 32.70833333333333,
    "19": -92.6736111111111,
    "11": -40.11854278297935,
    "36": 157.59181194927547,
    "30": 73.50918677336753,
    "31": 32.70833333333333,
    "9": 32.70833333333333,
    "14": -47.142937889611176,
    "3": 74.3606238836873,
    "39": 34.16868806558815,
    "29": -89.86335344003419,
    "33": 274.62619431743815,
    "25": -158.09027777777774,
    "7": 49.062499999999986,
    "34": -59.96527777777772,
    "4": -125.38194444444447,
    "13": -56.472709449646004,
    "15": -25.683938226701482,
    "2": -29.328416490689694,
    "27": -274.62619431743815,
    "21": 16.354166666666664,
    "38": 90.71479055035397,
    "26": 68.22692433774355,
    "10": 16.354166666666664,
    "18": 87.7206880507245
  },
  "compressor_flow": {
    "5": 158.09027777777774,
    "4": 158.09027777777774,
    "6": 125.38194444444447,
    "2": 16.354166666666664,
    "3": 400.00813876188255,
    "1": 43.61111111111106
  },
  "nodal_density": {
    "5": 30.65226838619354,
    "35": 51.103049332774454,
    "20": 53.6629661243927,
    "16": 54.154809941553026,
    "12": 48.479006774185684,
    "24": 36.08656695618576,
    "28": 30.552342010871943,
    "8": 54.13495922458387,
    "17": 51.90663299547017,
    "37": 51.50704302386144,
    "1": 54.16888757257035,
    "23": 51.08059240219433,
    "32": 51.981251575518534,
    "22": 48.56851848885846,
    "6": 35.747498678661806,
    "19": 30.37856272277752,
    "11": 36.112590582403,
    "36": 51.928512277661945,
    "30": 53.75082644426112,
    "31": 36.089973949033144,
    "9": 51.06504686468425,
    "14": 35.76909140194721,
    "3": 30.628401313959493,
    "39": 36.21024713935154,
    "29": 53.74672514070382,
    "33": 51.69734758643834,
    "25": 48.579646715163484,
    "7": 54.31537240799316,
    "40": 20.440357791102848,
    "34": 51.11089515706096,
    "4": 30.66053668665427,
    "13": 35.760881998969204,
    "15": 53.656693542481534,
    "2": 45.567842385200436,
    "27": 52.11140595120945,
    "38": 36.19545027945853,
    "21": 52.03662427043967,
    "26": 53.62124971695856,
    "10": 36.11886089902637,
    "18": 51.242554816493296
  }
}
