{
  "nodal_pressure": {
    "5": 4.206933215260506e6,
    "35": 7.126831825822592e6,
    "20": 7.425430689007044e6,
    "16": 7.486248638480902e6,
    "12": 6.821413245052099e6,
    "24": 4.986605599522591e6,
    "28": 4.194346144795418e6,
    "8": 7.48053660221707e6,
    "17": 7.220508243888617e6,
    "37": 7.173919279128313e6,
    "1": 7.487891719140963e6,
    "23": 7.12421452626586e6,
    "32": 7.22920973226428e6,
    "22": 6.831817667931318e6,
    "6": 4.947040518634756e6,
    "19": 4.1724558320939527e6,
    "11": 4.991927812760642e6,
    "36": 7.223059359937906e6,
    "30": 7.435687255114317e6,
    "31": 4.987024401478047e6,
    "9": 7.122403163462877e6,
    "14": 4.949694916605949e6,
    "3": 4.20858858525753e6,
    "39": 5.0010691410123855e6,
    "29": 7.435208950191736e6,
    "33": 7.196105774492025e6,
    "25": 6.833111297339201e6,
    "7": 7.501603711518579e6,
    "40": 2.8053162654117187e6,
    "34": 7.127745721489191e6,
    "4": 4.207974398117578e6,
    "13": 4.948685422539711e6,
    "15": 7.424698445945978e6,
    "2": 6.258683748140928e6,
    "27": 7.244387816637754e6,
    "38": 5.000000014901161e6,
    "21": 7.235666614025831e6,
    "26": 7.420560777952136e6,
    "10": 4.992698863148689e6,
    "18": 7.143090438097715e6
  },
  "pipe_flow": {
    "5": 25.298123883687307,
    "35": -76.31944444444439,
    "20": -61.49166668583492,
    "16": 16.354166666666664,
    "12": 16.354166666666664,
    "24": 47.53611109194282,
    "28": 89.86335344003419,
    "8": 16.354166666666664,
    "17": -42.03810489336815,
    "37": 107.06895721702061,
    "1": 158.0902777777778,
    "23": -43.61111111111106,
    "32": -419.737865494646,
    "22": 63.8902777586095,
    "6": 32.70833333333333,
    "19": -92.6736111111111,
    "11": -40.11854278297934,
    "36": 157.59181194927547,
    "30": 73.50918677336753,
    "31": 32.70833333333333,
    "9": 32.70833333333333,
    "14": -47.14293788961118,
    "3": 74.3606238836873,
    "39": 34.16868806558816,
    "29": -89.86335344003419,
    "33": 294.3559210502016,
    "25": -158.09027777777774,
    "7": 49.062499999999986,
    "34": -59.96527777777772,
    "4": -125.38194444444447,
    "13": -56.472709449646004,
    "15": -25.683938226701482,
    "2": -29.328416490689687,
    "27": -294.3559210502016,
    "21": 16.354166666666664,
    "38": 90.71479055035397,
    "26": 68.22692433774355,
    "10": 16.354166666666664,
    "18": 87.7206880507245
  },
  "compressor_flow": {
    "5": 158.09027777777774,
    "4": 158.09027777777774,
    "6": 125.38194444444447,
    "2": 16.354166666666664,
    "3": 419.737865494646,
    "1": 43.61111111111106
  },
  "nodal_density": {
    "5": 33.61546075902073,
    "35": 60.57625657354007,
    "20": 63.50097354647363,
    "16": 64.10048575811938,
    "12": 57.616916346230816,
    "24": 40.52351127584882,
    "28": 33.505676081209614,
    "8": 64.04412453077197,
    "17": 61.49045059988486,
    "37": 61.03540336780201,
    "1": 64.11670030540286,
    "23": 60.5507581394268,
    "32": 61.575524339482385,
    "22": 57.7171942169329,
    "6": 40.16784978861059,
    "19": 33.314879970025764,
    "11": 40.571395793115784,
    "36": 61.515389916157716,
    "30": 63.601987078788916,
    "31": 40.52727892332527,
    "9": 60.53311275637036,
    "14": 40.191693820516726,
    "3": 33.62990304085041,
    "39": 40.6536643529988,
    "29": 63.597275595862385,
    "33": 61.252010544312675,
    "25": 57.72966486182372,
    "7": 64.25205220288565,
    "40": 21.73008351180958,
    "34": 60.58516055302711,
    "4": 33.62454445128303,
    "13": 40.18262540736901,
    "15": 63.493763329764995,
    "2": 52.24957720744801,
    "27": 61.723982441662756,
    "38": 40.64404110980905,
    "21": 61.638669814303505,
    "26": 63.45302424852586,
    "10": 40.57833383468444,
    "18": 60.73470585934356
  }
}
