{
  "nodal_pressure": {
    "5": 6.257048724254923e6,
    "35": 8.732466495898465e6,
    "20": 1.0167072014665045e7,
    "16": 1.0427480584287198e7,
    "12": 7.064979175451658e6,
    "24": 6.942909683658018e6,
    "28": 6.2074235291049825e6,
    "8": 1.041705030993713e7,
    "17": 9.19930142887606e6,
    "37": 8.969304587945465e6,
    "1": 1.043487331791696e7,
    "23": 8.719167332918925e6,
    "32": 9.241815182481663e6,
    "22": 7.126884115124808e6,
    "6": 6.763190618803318e6,
    "19": 6.120556683382456e6,
    "11": 6.95658221194464e6,
    "36": 9.211781752373695e6,
    "30": 1.0213903301071767e7,
    "31": 6.944700206624755e6,
    "9": 8.709953545636935e6,
    "14": 6.77472749182504e6,
    "3": 6.156308461676145e6,
    "39": 7.007733076584716e6,
    "29": 1.0211720931226298e7,
    "33": 9.079327722073173e6,
    "25": 7.134552408335304e6,
    "7": 1.0511599614877073e7,
    "40": 4.1740964254169855e6,
    "34": 8.737108574087929e6,
    "4": 6.261144638125478e6,
    "13": 6.770342096845886e6,
    "15": 1.0163722480000215e7,
    "2": 9.180835025073683e6,
    "27": 9.31564151272322e6,
    "38": 7.0e6,
    "21": 9.273280112403471e6,
    "26": 1.0144785928204976e7,
    "10": 6.959873432507677e6,
    "18": 8.814760525614848e6
  },
  "pipe_flow": {
    "5": 25.29769116766441,
    "35": -76.31944444444439,
    "20": -61.49167941115958,
    "16": 16.354166666666664,
    "12": 16.354166666666664,
    "24": 47.536098366618184,
    "28": 89.86272055546284,
    "8": 16.354166666666664,
    "17": -42.038915461824786,
    "37": 107.06852450099773,
    "1": 158.0902777777778,
    "23": -43.61111111111106,
    "32": -271.91901131956416,
    "22": 63.89026503328484,
    "6": 32.70833333333333,
    "19": -92.6736111111111,
    "11": -40.11897549900224,
    "36": 157.58927375849305,
    "30": 73.50855388879619,
    "31": 32.70833333333333,
    "9": 32.70833333333333,
    "14": -47.14256003717745,
    "3": 74.3601911676644,
    "39": 34.16658259082862,
    "29": -89.86272055546284,
    "33": 146.5370668751198,
    "25": -158.09027777777774,
    "7": 49.062499999999986,
    "34": -59.96527777777772,
    "4": -125.38194444444447,
    "13": -56.473142165668904,
    "15": -25.684748795158125,
    "2": -29.330144113015493,
    "27": -146.5370668751198,
    "21": 16.354166666666664,
    "38": 90.71435783433107,
    "26": 68.2275572223149,
    "10": 16.354166666666664,
    "18": 87.72322624150695
  },
  "compressor_flow": {
    "5": 158.09027777777774,
    "4": 158.09027777777774,
    "6": 125.38194444444447,
    "2": 16.354166666666664,
    "3": 271.91901131956416,
    "1": 43.61111111111106
  },
  "nodal_density": {
    "5": 45.29533906399306,
    "35": 63.21511118547034,
    "20": 73.60034969955043,
    "16": 75.48547078075305,
    "12": 51.14402034167301,
    "24": 50.260348300135476,
    "28": 44.936097808332065,
    "8": 75.40996508565028,
    "17": 66.59457129645975,
    "37": 64.92960345735456,
    "1": 75.53898744509863,
    "23": 63.118837347280405,
    "32": 66.90233218650751,
    "22": 51.59215577353594,
    "6": 48.959345808768944,
    "19": 44.307260891149525,
    "11": 50.359324963399075,
    "36": 66.68491748191654,
    "30": 73.9393655982716,
    "31": 50.27331005710019,
    "9": 63.05213791158902,
    "14": 49.04286227128768,
    "3": 44.5660712331045,
    "39": 50.729610677861785,
    "29": 73.92356722647209,
    "33": 65.72607083116284,
    "25": 51.64766723849627,
    "7": 76.09441601679266,
    "40": 30.21665983551655,
    "34": 63.24871560743023,
    "4": 45.32498975327482,
    "13": 49.01111600219754,
    "15": 73.57610211653866,
    "2": 66.46089133672429,
    "27": 67.43676763802941,
    "38": 50.67363024022275,
    "21": 67.13010964713497,
    "26": 73.43901871315342,
    "10": 50.3831504053777,
    "18": 63.81084507587405
  }
}
