{
  "nodal_pressure": {
    "5": 4.234271103926489e6,
    "35": 7.0593194075131165e6,
    "20": 7.412943649662153e6,
    "16": 7.4808864282197105e6,
    "12": 6.6968370472094985e6,
    "24": 4.984958785909469e6,
    "28": 4.220467408622266e6,
    "8": 7.478144009496313e6,
    "17": 7.170325807174613e6,
    "37": 7.115126763411955e6,
    "1": 7.482831084206504e6,
    "23": 7.05621720207008e6,
    "32": 7.1806334953039745e6,
    "22": 6.709201949272562e6,
    "6": 4.938120484895798e6,
    "19": 4.196461348126018e6,
    "11": 4.988554056137669e6,
    "36": 7.173348090959021e6,
    "30": 7.425080327401977e6,
    "31": 4.985429339664209e6,
    "9": 7.054069887552866e6,
    "14": 4.94110331290418e6,
    "3": 4.230973899483412e6,
    "39": 5.002044190173677e6,
    "29": 7.424513953797797e6,
    "33": 7.141415373069853e6,
    "25": 6.710739499142974e6,
    "7": 7.503066285260514e6,
    "40": 2.8236088415042628e6,
    "34": 7.0604030881286375e6,
    "4": 4.235413262256394e6,
    "13": 4.939969093954227e6,
    "15": 7.4120769776592385e6,
    "2": 6.294692022189028e6,
    "27": 7.198612566114725e6,
    "38": 5.0e6,
    "21": 7.18828233889683e6,
    "26": 7.4071807273437e6,
    "10": 4.989420128678838e6,
    "18": 7.078590840271115e6
  },
  "pipe_flow": {
    "5": 25.29812388368731,
    "35": -76.31944444444444,
    "20": -61.49166668583492,
    "16": 16.354166666666664,
    "12": 16.354166666666664,
    "24": 47.53611109194282,
    "28": 89.86335344003419,
    "8": 16.354166666666664,
    "17": -42.03810489336816,
    "37": 107.06895721702064,
    "1": 158.09027777777774,
    "23": -43.611111111111114,
    "32": -400.00813768815374,
    "22": 63.890277758609486,
    "6": 32.70833333333333,
    "19": -92.67361111111109,
    "11": -40.11854278297935,
    "36": 157.59181194927544,
    "30": 73.50918677336752,
    "31": 32.70833333333333,
    "9": 32.70833333333333,
    "14": -47.14293788961118,
    "3": 74.36062388368731,
    "39": 34.168688065588164,
    "29": -89.86335344003419,
    "33": 274.6261932437093,
    "25": -158.09027777777774,
    "7": 49.06249999999999,
    "34": -59.96527777777778,
    "4": -125.38194444444441,
    "13": -56.472709449646004,
    "15": -25.68393822670149,
    "2": -29.32841649068969,
    "27": -274.6261932437093,
    "21": 16.354166666666664,
    "38": 90.71479055035397,
    "26": 68.22692433774355,
    "10": 16.354166666666664,
    "18": 87.7206880507245
  },
  "compressor_flow": {
    "5": 158.09027777777774,
    "4": 158.09027777777774,
    "6": 125.38194444444441,
    "2": 16.354166666666664,
    "3": 400.00813768815374,
    "1": 43.611111111111114
  },
  "nodal_density": {
    "5": 30.65226975103295,
    "35": 51.10304877199256,
    "20": 53.66296649922675,
    "16": 54.15481039038661,
    "12": 48.479006329902745,
    "24": 36.08656546856087,
    "28": 30.55234355791939,
    "8": 54.13495777433613,
    "17": 51.90663409352757,
    "37": 51.507043245921466,
    "1": 54.16888793016078,
    "23": 51.080591627485475,
    "32": 51.981252375941686,
    "22": 48.56851696920278,
    "6": 35.74749879046845,
    "19": 30.378561524617783,
    "11": 36.112591953440514,
    "36": 51.92851267795216,
    "30": 53.750825002102836,
    "31": 36.089971849557415,
    "9": 51.065047024363366,
    "14": 35.769091750978,
    "3": 30.628400991207958,
    "39": 36.210248248302186,
    "29": 53.74672497258911,
    "33": 51.69734885811201,
    "25": 48.579647431146945,
    "7": 54.31537237245327,
    "40": 20.440358625344388,
    "34": 51.11089363353677,
    "4": 30.660537938016578,
    "13": 35.760881037880665,
    "15": 53.65669258256743,
    "2": 45.567842286926684,
    "27": 52.11140448827408,
    "38": 36.19545017158767,
    "21": 52.036623043368785,
    "26": 53.62124818570268,
    "10": 36.11886153054228,
    "18": 51.24255640881802
  }
}
