{
  "nodal_pressure": {
    "5": 6.2573949784575e6,
    "35": 8.732193029776094e6,
    "20": 1.0167040167044802e7,
    "16": 1.0427467876490012e7,
    "12": 7.064037055363385e6,
    "24": 6.942903283791171e6,
    "28": 6.207770218056336e6,
    "8": 1.0417040720756277e7,
    "17": 9.199131280942136e6,
    "37": 8.969062901089564e6,
    "1": 1.0434860629054416e7,
    "23": 8.71889299426471e6,
    "32": 9.241649132790057e6,
    "22": 7.125953044529368e6,
    "6": 6.763169094434084e6,
    "19": 6.120901461051375e6,
    "11": 6.956573752702945e6,
    "36": 9.211612264278756e6,
    "30": 1.0213872592958162e7,
    "31": 6.944693813837518e6,
    "9": 8.709678860659784e6,
    "14": 6.77470614752381e6,
    "3": 6.1566383983108e6,
    "39": 7.007738084936981e6,
    "29": 1.0211690213489972e7,
    "33": 9.079142878995016e6,
    "25": 7.133622617356013e6,
    "7": 1.0511607127405472e7,
    "40": 4.17432723729177e6,
    "34": 8.736834936418155e6,
    "4": 6.261490855937655e6,
    "13": 6.7703206617007265e6,
    "15": 1.016369060650868e7,
    "2": 9.181352191577064e6,
    "27": 9.315482745575279e6,
    "38": 7.0e6,
    "21": 9.273114725017954e6,
    "26": 1.0144753641651127e7,
    "10": 6.959864993548463e6,
    "18": 8.814490156535683e6
  },
  "pipe_flow": {
    "5": 25.296644277473987,
    "35": -76.31944444444443,
    "20": -61.49168671977749,
    "16": 16.354166666666664,
    "12": 16.354166666666664,
    "24": 47.53609105800027,
    "28": 89.86273288778371,
    "8": 16.354166666666664,
    "17": -42.03918475070413,
    "37": 107.0674776108073,
    "1": 158.09027777777774,
    "23": -43.61111111111111,
    "32": -271.8698107192015,
    "22": 63.89025772466693,
    "6": 32.70833333333333,
    "19": -92.6736111111111,
    "11": -40.12002238919266,
    "36": 157.58921267632815,
    "30": 73.50856622111704,
    "31": 32.70833333333333,
    "9": 32.70833333333333,
    "14": -47.14333763848852,
    "3": 74.35914427747397,
    "39": 34.167568398854186,
    "29": -89.86273288778371,
    "33": 146.48786627475707,
    "25": -158.09027777777774,
    "7": 49.062499999999986,
    "34": -59.96527777777777,
    "4": -125.3819444444444,
    "13": -56.474189055859334,
    "15": -25.68501808403747,
    "2": -29.329935906300996,
    "27": -146.48786627475707,
    "21": 16.354166666666664,
    "38": 90.71331094414063,
    "26": 68.22754488999404,
    "10": 16.354166666666664,
    "18": 87.72328732367178
  },
  "compressor_flow": {
    "5": 158.09027777777774,
    "4": 158.09027777777774,
    "6": 125.3819444444444,
    "2": 16.354166666666664,
    "3": 271.8698107192015,
    "1": 43.61111111111111
  },
  "nodal_density": {
    "5": 45.29784562934028,
    "35": 63.21313153958918,
    "20": 73.60011915176013,
    "16": 75.48537878786509,
    "12": 51.13720024953087,
    "24": 50.26030197092316,
    "28": 44.93860752086482,
    "8": 75.40989566870672,
    "17": 66.59333958024692,
    "37": 64.92785386444459,
    "1": 75.53889558928024,
    "23": 63.116851385062645,
    "32": 66.9011301378398,
    "22": 51.585415669667256,
    "6": 48.95918999192214,
    "19": 44.30975676773665,
    "11": 50.359263726186825,
    "36": 66.68369054233753,
    "30": 73.93914329947243,
    "31": 50.273263779137814,
    "9": 63.050149442308346,
    "14": 49.04270775796936,
    "3": 44.56845967410838,
    "39": 50.72964693377475,
    "29": 73.92334485801317,
    "33": 65.72473273547784,
    "25": 51.64093639788408,
    "7": 76.09447040066213,
    "40": 30.218330703459102,
    "34": 63.24673471970195,
    "4": 45.327496055188654,
    "13": 49.01096083125183,
    "15": 73.57587138146374,
    "2": 66.46463515160498,
    "27": 67.43561830835095,
    "38": 50.67363024022275,
    "21": 67.12891239296067,
    "26": 73.43878498788321,
    "10": 50.38308931499216,
    "18": 63.80888784976748
  }
}
