{
  "nodal_pressure": {
    "5": 4.234987399611652e6,
    "35": 7.059208841256747e6,
    "20": 7.412927812158425e6,
    "16": 7.480879965475807e6,
    "12": 6.696560204383299e6,
    "24": 4.984955505749827e6,
    "28": 4.221184638821395e6,
    "8": 7.47813909387416e6,
    "17": 7.170251641824566e6,
    "37": 7.115026071309014e6,
    "1": 7.482824628221442e6,
    "23": 7.056106412331089e6,
    "32": 7.180560771579593e6,
    "22": 6.708926260080467e6,
    "6": 4.938109798967532e6,
    "19": 4.197178646359701e6,
    "11": 4.988549752147628e6,
    "36": 7.173274129786943e6,
    "30": 7.425065002236948e6,
    "31": 4.985426062582773e6,
    "9": 7.053959044146352e6,
    "14": 4.941092703106379e6,
    "3": 4.231668009917619e6,
    "39": 5.002046768964017e6,
    "29": 7.42449862596129e6,
    "33": 7.14133599646637e6,
    "25": 6.710463936251955e6,
    "7": 7.503070153446026e6,
    "40": 2.824086320457953e6,
    "34": 7.060292413207655e6,
    "4": 4.236129480686929e6,
    "13": 4.93995844429628e6,
    "15": 7.412061130827427e6,
    "2": 6.295767969539551e6,
    "27": 7.198542447189855e6,
    "38": 5.0e6,
    "21": 7.188209734622925e6,
    "26": 7.407164698451297e6,
    "10": 4.989415833771748e6,
    "18": 7.078480694916646e6
  },
  "pipe_flow": {
    "5": 25.296376684906708,
    "35": -76.31944444444443,
    "20": -61.49168056888798,
    "16": 16.354166666666664,
    "12": 16.354166666666664,
    "24": 47.53609720888977,
    "28": 89.86338349231504,
    "8": 16.354166666666664,
    "17": -42.03855520755817,
    "37": 107.06721001824002,
    "1": 158.09027777777774,
    "23": -43.61111111111111,
    "32": -399.62084941847723,
    "22": 63.89026387555643,
    "6": 32.70833333333333,
    "19": -92.67361111111109,
    "11": -40.12028998175995,
    "36": 157.59170320652203,
    "30": 73.50921682564838,
    "31": 32.70833333333333,
    "9": 32.70833333333333,
    "14": -47.14423477420177,
    "3": 74.3588766849067,
    "39": 34.17032652161533,
    "29": -89.86338349231504,
    "33": 274.23890497403283,
    "25": -158.09027777777774,
    "7": 49.06249999999999,
    "34": -59.965277777777764,
    "4": -125.38194444444443,
    "13": -56.47445664842662,
    "15": -25.684388540891504,
    "2": -29.32807491925311,
    "27": -274.23890497403283,
    "21": 16.354166666666664,
    "38": 90.71304335157336,
    "26": 68.2268942854627,
    "10": 16.354166666666664,
    "18": 87.72079679347793
  },
  "compressor_flow": {
    "5": 158.09027777777774,
    "4": 158.09027777777774,
    "6": 125.38194444444443,
    "2": 16.354166666666664,
    "3": 399.62084941847723,
    "1": 43.61111111111111
  },
  "nodal_density": {
    "5": 30.657455079989038,
    "35": 51.10224837290795,
    "20": 53.662851850111345,
    "16": 54.15476360600162,
    "12": 48.47700223975853,
    "24": 36.0865417231899,
    "28": 30.557535651906218,
    "8": 54.13492218970479,
    "17": 51.90609720388115,
    "37": 51.506314326722524,
    "1": 54.16884119470365,
    "23": 51.07978961059004,
    "32": 51.980725922353265,
    "22": 48.566521230319715,
    "6": 35.74742143407162,
    "19": 30.383754111112864,
    "11": 36.1125607964691,
    "36": 51.927977266368444,
    "30": 53.750714061853394,
    "31": 36.08994812646986,
    "9": 51.064244618963905,
    "14": 35.769014945696476,
    "3": 30.633425719134948,
    "39": 36.210266916397636,
    "29": 53.7466140130006,
    "33": 51.69677424373278,
    "25": 48.57765260656874,
    "7": 54.31540037459646,
    "40": 20.443815138479643,
    "34": 51.110092447819234,
    "4": 30.66572270771946,
    "13": 35.76080394404795,
    "15": 53.65657786592518,
    "2": 45.575631166669304,
    "27": 52.11089689106384,
    "38": 36.19545017158767,
    "21": 52.0360974544931,
    "26": 53.62113215110744,
    "10": 36.11883043932317,
    "18": 51.24175905668015
  }
}
