{
  "nodal_pressure": {
    "5": 6.8113583862407245e6,
    "35": 8.479121502718545e6,
    "20": 6.642804067446931e6,
    "16": 1.503333257164789e7,
    "12": 1.0565824623401716e7,
    "24": 5.60862380822566e6,
    "28": 5.968115655624619e6,
    "8": 7.945142525267336e6,
    "17": 8.385740832381298e6,
    "37": 7.456794341440937e6,
    "1": 1.0373805364774158e7,
    "23": 1.0082499927213287e7,
    "32": 8.796564636104295e6,
    "22": 1.0003027306143219e7,
    "6": 4.1931041815458457e6,
    "19": 7.100839984501564e6,
    "11": 6.915870243182771e6,
    "36": 8.773035468556238e6,
    "30": 7.020500336561038e6,
    "31": 5.296761683511557e6,
    "9": 1.0957527988562215e7,
    "14": 4.788994699763728e6,
    "3": 7.2622295694193905e6,
    "39": 5.510574483825774e6,
    "29": 7.7811651272199415e6,
    "33": 7.791998631650063e6,
    "25": 9.863406456892526e6,
    "7": 8.265861725738661e6,
    "40": 4.46369459862188e6,
    "34": 8.406254077505814e6,
    "4": 6.69554189793282e6,
    "13": 4.6355444730862165e6,
    "15": 6.8725601715186415e6,
    "2": 1.0651259976752345e7,
    "27": 7.559729874889253e6,
    "38": 5.0e6,
    "21": 9.56133549894997e6,
    "26": 6.289656272318769e6,
    "10": 6.359834373306679e6,
    "18": 7.430110980293847e6
  },
  "pipe_flow": {
    "5": 230.65222875012674,
    "35": -76.31944444444443,
    "20": 524.0216063255458,
    "16": 16.354166666666664,
    "12": 16.354166666666664,
    "24": 633.0493841033234,
    "28": -323.05043949932406,
    "8": 16.354166666666664,
    "17": 67.36431712943926,
    "37": 312.42306208346,
    "1": 158.09027777777794,
    "23": -43.61111111111111,
    "32": -539.43397825502,
    "22": 649.40355076999,
    "6": 32.70833333333333,
    "19": -92.67361111111089,
    "11": 165.23556208346005,
    "36": 414.84731380191425,
    "30": -339.40460616599074,
    "31": 32.70833333333333,
    "9": 32.70833333333333,
    "14": 48.80874495402081,
    "3": 279.7147287501267,
    "39": 86.0700850517876,
    "29": 323.05043949932406,
    "33": 414.0520338105756,
    "25": -158.09027777777774,
    "7": 49.06249999999999,
    "34": -59.965277777777764,
    "4": -125.38194444444461,
    "13": 148.8813954167934,
    "15": 83.71848379610593,
    "2": 118.52466333914172,
    "27": -414.0520338105756,
    "21": 16.354166666666664,
    "38": 296.0688954167934,
    "26": 481.1407172771018,
    "10": 16.354166666666664,
    "18": -169.53481380191434
  },
  "compressor_flow": {
    "5": 158.09027777777774,
    "4": 158.09027777777774,
    "6": 125.38194444444461,
    "2": 16.354166666666664,
    "3": 539.43397825502,
    "1": 43.61111111111111
  },
  "nodal_density": {
    "5": 49.30803661400039,
    "35": 61.381123970097335,
    "20": 48.08785672457907,
    "16": 108.82764800199743,
    "12": 76.48695573561417,
    "24": 40.601332716362435,
    "28": 43.20372656628663,
    "8": 57.51560207589522,
    "17": 60.70513289006107,
    "37": 53.98040560508047,
    "1": 75.09691103408639,
    "23": 72.98812474409696,
    "32": 63.67912339345265,
    "22": 72.41281528490755,
    "6": 30.354258693483715,
    "19": 51.403619967088744,
    "11": 50.064607356057586,
    "36": 63.508793631139724,
    "30": 50.822034022321915,
    "31": 38.34373471726348,
    "9": 79.32253166275619,
    "14": 34.667963805459095,
    "3": 52.57193370291003,
    "39": 39.891544829227655,
    "29": 56.328554927837004,
    "33": 56.40697964179383,
    "25": 71.40208738651391,
    "7": 59.837317243841476,
    "40": 32.31308708512066,
    "34": 60.85363011841348,
    "4": 48.469630627680985,
    "13": 33.557123798754155,
    "15": 49.7510818478882,
    "2": 77.10542995063312,
    "27": 54.725565199443324,
    "38": 36.19545017158767,
    "21": 69.21536852521518,
    "26": 45.53138804022557,
    "10": 46.03941363171448,
    "18": 53.787242351318476
  }
}
