{
  "nodal_pressure": {
    "5": 1.0207318103616083e7,
    "35": 9.631343736720253e6,
    "20": 9.064319735166715e6,
    "16": 2.1504740600056227e7,
    "12": 1.0787906785248633e7,
    "24": 7.815173086674174e6,
    "28": 8.875505978588251e6,
    "8": 1.107157722502032e7,
    "17": 1.045533317161489e7,
    "37": 8.869944978580335e6,
    "1": 1.4481931909760214e7,
    "23": 1.1489051564787745e7,
    "32": 1.0977927903511709e7,
    "22": 1.0245324611943023e7,
    "6": 5.695434578785451e6,
    "19": 1.0429271794621265e7,
    "11": 9.654621273173476e6,
    "36": 1.0969086979184981e7,
    "30": 9.795736332662e6,
    "31": 7.38105148334688e6,
    "9": 1.24838509753334e7,
    "14": 6.516521755162098e6,
    "3": 1.0646805922198154e7,
    "39": 7.836470526678851e6,
    "29": 1.086061735971691e7,
    "33": 9.559215943499358e6,
    "25": 1.0106590474687813e7,
    "7": 1.1754705790018277e7,
    "40": 6.69233620390221e6,
    "34": 9.564892418473195e6,
    "4": 1.0038504305853315e7,
    "13": 6.304656775839581e6,
    "15": 9.35238946766777e6,
    "2": 1.5643907691931894e7,
    "27": 9.447814210731836e6,
    "38": 7.0e6,
    "21": 1.199779834255431e7,
    "26": 8.543151868178178e6,
    "10": 8.8777071753205e6,
    "18": 8.585210618495135e6
  },
  "pipe_flow": {
    "5": 124.32289611007334,
    "35": -76.31944444444444,
    "20": 285.7019001083481,
    "16": 16.354166666666664,
    "12": 16.354166666666664,
    "24": 394.72967788612584,
    "28": -170.05818807553166,
    "8": 16.354166666666664,
    "17": -0.9305359870918564,
    "37": 206.0937294434067,
    "1": 158.09027777777786,
    "23": -43.611111111111114,
    "32": -348.3936264476564,
    "22": 411.0838445527926,
    "6": 32.70833333333333,
    "19": -92.67361111111104,
    "11": 58.90622944340668,
    "36": 274.43433578978613,
    "30": -186.41235474219832,
    "31": 32.70833333333333,
    "9": 32.70833333333333,
    "14": 10.774265430498545,
    "3": 173.38539611007332,
    "39": 51.98643967971279,
    "29": 170.05818807553166,
    "33": 223.01168200321197,
    "25": -158.09027777777774,
    "7": 49.062499999999986,
    "34": -59.96527777777778,
    "4": -125.38194444444451,
    "13": 42.55206277674001,
    "15": 15.423630679574806,
    "2": 46.40653844354467,
    "27": -223.01168200321197,
    "21": 16.354166666666664,
    "38": 189.73956277674,
    "26": 328.1484658533094,
    "10": 16.354166666666664,
    "18": -29.121835789786143
  },
  "compressor_flow": {
    "5": 158.09027777777774,
    "4": 158.09027777777774,
    "6": 125.38194444444451,
    "2": 16.354166666666664,
    "3": 348.3936264476564,
    "1": 43.611111111111114
  },
  "nodal_density": {
    "5": 73.89169476099615,
    "35": 69.72216446157819,
    "20": 65.61742666271314,
    "16": 155.67475336845072,
    "12": 78.0946285002399,
    "24": 56.574741608209635,
    "28": 64.25058687912392,
    "8": 80.14814435382158,
    "17": 75.6870981681069,
    "37": 64.21033029938577,
    "1": 104.83600896561029,
    "23": 83.17027868641526,
    "32": 79.470208483768,
    "22": 74.1668272966649,
    "6": 41.22976370039325,
    "19": 75.49843751363176,
    "11": 69.89067264374019,
    "36": 79.40620823658024,
    "30": 70.91221726457567,
    "31": 53.43209623588106,
    "9": 90.37172118544127,
    "14": 47.17368769620737,
    "3": 77.07318664869757,
    "39": 56.728915693903964,
    "29": 78.62098689526272,
    "33": 69.2000248724755,
    "25": 73.16251838624108,
    "7": 85.09337354085595,
    "40": 48.44642431997094,
    "34": 69.24111738588866,
    "4": 72.66963647995641,
    "13": 45.639978035772835,
    "15": 67.70278939245003,
    "2": 113.24765627044762,
    "27": 68.39357769899242,
    "38": 50.67363024022275,
    "21": 86.85314241533635,
    "26": 61.84464555058988,
    "10": 64.26652154045192,
    "18": 62.14911263086521
  }
}
