{
  "nodal_pressure": {
    "5": 6.815295184336887e6,
    "35": 8.483371038130894e6,
    "20": 6.642162373333742e6,
    "16": 1.5033422088562837e7,
    "12": 1.0571880148929412e7,
    "24": 5.608693980921847e6,
    "28": 5.97116085962386e6,
    "8": 7.945239677361835e6,
    "17": 8.388698548893487e6,
    "37": 7.459406146522345e6,
    "1": 1.0373863432384094e7,
    "23": 1.0087375009860096e7,
    "32": 8.799691449310403e6,
    "22": 1.0008739172483703e7,
    "6": 4.1929846349467915e6,
    "19": 7.106376682152376e6,
    "11": 6.915908954922729e6,
    "36": 8.77621921157192e6,
    "30": 7.021287861460851e6,
    "31": 5.2968264515745565e6,
    "9": 1.096283143998965e7,
    "14": 4.788874553742903e6,
    "3": 7.268015712019871e6,
    "39": 5.511390928771779e6,
    "29": 7.782040261229891e6,
    "33": 7.794318828848423e6,
    "25": 9.869034824209236e6,
    "7": 8.267086393157668e6,
    "40": 4.466232770202736e6,
    "34": 8.41030518617851e6,
    "4": 6.699349155304105e6,
    "13": 4.635422639315009e6,
    "15": 6.87239167949542e6,
    "2": 1.0659565023228563e7,
    "27": 7.562258186034726e6,
    "38": 5.0e6,
    "21": 9.564911976670036e6,
    "26": 6.289476952420188e6,
    "10": 6.359867058898141e6,
    "18": 7.432887786533607e6
  },
  "pipe_flow": {
    "5": 230.66078527172817,
    "35": -76.31944444444443,
    "20": 523.9186233687119,
    "16": 16.354166666666664,
    "12": 16.354166666666664,
    "24": 632.9464011464895,
    "28": -323.3001533596538,
    "8": 16.354166666666664,
    "17": 67.35739721415983,
    "37": 312.4316186050615,
    "1": 158.09027777777794,
    "23": -43.61111111111111,
    "32": -538.992906829587,
    "22": 649.3005678131562,
    "6": 32.70833333333333,
    "19": -92.67361111111089,
    "11": 165.24411860506152,
    "36": 414.9141301782659,
    "30": -339.6543200263204,
    "31": 32.70833333333333,
    "9": 32.70833333333333,
    "14": 48.82422139090172,
    "3": 279.7232852717282,
    "39": 86.12834490653778,
    "29": 323.3001533596538,
    "33": 413.61096238514256,
    "25": -158.09027777777774,
    "7": 49.06249999999999,
    "34": -59.965277777777764,
    "4": -125.38194444444461,
    "13": 148.88995193839486,
    "15": 83.71156388082649,
    "2": 118.59839963077285,
    "27": -413.61096238514256,
    "21": 16.354166666666664,
    "38": 296.07745193839486,
    "26": 481.3904311374315,
    "10": 16.354166666666664,
    "18": -169.60163017826602
  },
  "compressor_flow": {
    "5": 158.09027777777774,
    "4": 158.09027777777774,
    "6": 125.38194444444461,
    "2": 16.354166666666664,
    "3": 538.992906829587,
    "1": 43.61111111111111
  },
  "nodal_density": {
    "5": 49.336535449865444,
    "35": 61.411886739551356,
    "20": 48.0832114431192,
    "16": 108.82829602300433,
    "12": 76.53079223011427,
    "24": 40.601840702828085,
    "28": 43.22577107221001,
    "8": 57.51630536865432,
    "17": 60.7265440661888,
    "37": 53.99931269721687,
    "1": 75.09733139074278,
    "23": 73.02341590630196,
    "32": 63.701758675772155,
    "22": 72.4541639996103,
    "6": 30.35339328488986,
    "19": 51.44370061987577,
    "11": 50.06488759382853,
    "36": 63.531841033476375,
    "30": 50.82773498597592,
    "31": 38.34420357910288,
    "9": 79.36092382513203,
    "14": 34.667094057597076,
    "3": 52.61382011014631,
    "39": 39.897455147699844,
    "29": 56.334890101727126,
    "33": 56.423775758210134,
    "25": 71.44283164426578,
    "7": 59.846182721549766,
    "40": 32.33146113771702,
    "34": 60.882956458833924,
    "4": 48.49719170657554,
    "13": 33.556241833115166,
    "15": 49.74986211896204,
    "2": 77.16555092981365,
    "27": 54.743867871460175,
    "38": 36.19545017158767,
    "21": 69.24125896943649,
    "26": 45.5300899273348,
    "10": 46.0396502456539,
    "18": 53.80734390169596
  }
}
