{
  "nodal_pressure": {
    "5": 1.0208590576616665e7,
    "35": 9.630983049889524e6,
    "20": 9.064037036022073e6,
    "16": 2.1504776939537127e7,
    "12": 1.0787520613054013e7,
    "24": 7.815219539704634e6,
    "28": 8.876544562119924e6,
    "8": 1.1071641399181115e7,
    "17": 1.0455274449835213e7,
    "37": 8.869586990286993e6,
    "1": 1.4481953463089805e7,
    "23": 1.1488592680136904e7,
    "32": 1.0977871701095764e7,
    "22": 1.0244949611911708e7,
    "6": 5.695327619017394e6,
    "19": 1.04308905005995e7,
    "11": 9.654635642059872e6,
    "36": 1.0969027387710849e7,
    "30": 9.795993878309244e6,
    "31": 7.381094266120741e6,
    "9": 1.2483355148005662e7,
    "14": 6.516411979227214e6,
    "3": 1.0648470021784494e7,
    "39": 7.836832382824047e6,
    "29": 1.0860904573098278e7,
    "33": 9.559100198128799e6,
    "25": 1.010621848412203e7,
    "7": 1.1755248574236069e7,
    "40": 6.693162292422288e6,
    "34": 9.564502042300029e6,
    "4": 1.0039743438633433e7,
    "13": 6.304546325488519e6,
    "15": 9.352235087126767e6,
    "2": 1.5646335750899248e7,
    "27": 9.447839032607183e6,
    "38": 7.0e6,
    "21": 1.1997733193350308e7,
    "26": 8.542991428526092e6,
    "10": 8.87771829215775e6,
    "18": 8.584655775880797e6
  },
  "pipe_flow": {
    "5": 124.31010224074365,
    "35": -76.3194444444444,
    "20": 285.6798304424024,
    "16": 16.354166666666664,
    "12": 16.354166666666664,
    "24": 394.7076082201802,
    "28": -170.0954323090332,
    "8": 16.354166666666664,
    "17": -0.9308690178139808,
    "37": 206.08093557407696,
    "1": 158.09027777777786,
    "23": -43.61111111111107,
    "32": -348.33191043158274,
    "22": 411.0617748868469,
    "6": 32.70833333333333,
    "19": -92.67361111111104,
    "11": 58.893435574077,
    "36": 274.4455011358703,
    "30": -186.44959897569987,
    "31": 32.70833333333333,
    "9": 32.70833333333333,
    "14": 10.761804591890987,
    "3": 173.37260224074362,
    "39": 52.01039889512669,
    "29": 170.0954323090332,
    "33": 222.94996598713837,
    "25": -158.09027777777774,
    "7": 49.062499999999986,
    "34": -59.965277777777736,
    "4": -125.38194444444451,
    "13": 42.53926890741034,
    "15": 15.423297648852682,
    "2": 46.41803682035101,
    "27": -222.94996598713837,
    "21": 16.354166666666664,
    "38": 189.72676890741027,
    "26": 328.18571008681096,
    "10": 16.354166666666664,
    "18": -29.13300113587037
  },
  "compressor_flow": {
    "5": 158.09027777777774,
    "4": 158.09027777777774,
    "6": 125.38194444444451,
    "2": 16.354166666666664,
    "3": 348.33191043158274,
    "1": 43.61111111111107
  },
  "nodal_density": {
    "5": 73.90090630761361,
    "35": 69.71955341713637,
    "20": 65.61538017815245,
    "16": 155.67501643322476,
    "12": 78.09183296495429,
    "24": 56.57507788587949,
    "28": 64.25810527881785,
    "8": 80.14860891634946,
    "17": 75.68667307585685,
    "37": 64.20773878989903,
    "1": 104.83616499210373,
    "23": 83.16695677911245,
    "32": 79.46980162941884,
    "22": 74.16411263767536,
    "6": 41.22898940900224,
    "19": 75.51015547194729,
    "11": 69.8907766614025,
    "36": 79.40577684853372,
    "30": 70.91408166070404,
    "31": 53.43240594423296,
    "9": 90.3681318467743,
    "14": 47.17289301833114,
    "3": 77.08523321542916,
    "39": 56.731535203118504,
    "29": 78.62306605878949,
    "33": 69.19918698131697,
    "25": 73.15982551304346,
    "7": 85.09730280467775,
    "40": 48.4524044491441,
    "34": 69.23829141762386,
    "4": 72.67860667371615,
    "13": 45.639178475737175,
    "15": 67.70167181781417,
    "2": 113.26523320792093,
    "27": 68.39375738678288,
    "38": 50.67363024022275,
    "21": 86.85267079438292,
    "26": 61.84348411350336,
    "10": 64.26660201623766,
    "18": 62.14509607522514
  }
}
