{
  "nodal_pressure": {
    "2": 6.949075443643267e6,
    "1": 8.4e6
  },
  "pipe_flow": {
    "1": 400.0
  },
  "nodal_density": {
    "2": 50.9394632313459,
    "1": 61.575312372629845
  }
}
