{
  "nodal_pressure": {
    "2": 1.3403419168097727e7,
    "1": 8.4e6
  },
  "pipe_flow": {
    "1": 400.0
  },
  "nodal_density": {
    "2": 98.2523478734419,
    "1": 61.575312372629845
  }
}
