{
  "nodal_pressure": {
    "2": 6.949311618363776e6,
    "1": 8.4e6
  },
  "pipe_flow": {
    "1": 400.0
  },
  "nodal_density": {
    "2": 50.941194485178016,
    "1": 61.575312372629845
  }
}
