{
  "nodal_pressure": {
    "2": 1.340397256327891e7,
    "1": 8.4e6
  },
  "pipe_flow": {
    "1": 400.0
  },
  "nodal_density": {
    "2": 98.25640447834033,
    "1": 61.575312372629845
  }
}
