{
  "nodal_pressure": {
    "5": 7.483184013515711e6,
    "16": 1.1190359240509177e7,
    "20": 4.999203309416771e6,
    "12": 1.1191764707677066e7,
    "24": 1.6785392245743424e7,
    "8": 7.479222860187292e6,
    "17": 1.6785538860763766e7,
    "1": 1.119070506747812e7,
    "19": 4.997800156474113e6,
    "22": 1.118488936778158e7,
    "23": 1.6785392245743424e7,
    "6": 7.477493170648813e6,
    "11": 1.1194574853219489e7,
    "9": 7.468472968786955e6,
    "14": 1.119070506747812e7,
    "3": 4.997790042540606e6,
    "7": 7.48033906146884e6,
    "25": 7.478952493518591e6,
    "4": 7.496685063810909e6,
    "13": 4.997790142893791e6,
    "15": 1.119070506747812e7,
    "2": 4.997790142893791e6,
    "21": 7.468015786260366e6,
    "10": 7.463049902146325e6,
    "18": 5.000000014901161e6
  },
  "pipe_flow": {
    "5": 64.24642663689312,
    "16": 15.969405000821093,
    "12": 21.805555555555554,
    "8": 96.88731666666665,
    "17": 21.805555555555554,
    "1": 49.414441666666654,
    "19": 26.63810277777777,
    "6": 54.446445585329094,
    "11": 39.37211111111112,
    "9": 21.805555555555554,
    "14": 37.30680055473445,
    "3": 118.69287222222222,
    "7": 42.440871081337555,
    "4": 54.446445585329094,
    "13": 37.30680055473445,
    "15": 37.77496055637665,
    "2": 118.69287222222222,
    "10": 75.0817611111111,
    "18": 26.63810277777777
  },
  "loss_resistor_flow": {},
  "short_pipe_flow": {
    "1": 69.27843055555556
  },
  "compressor_flow": {
    "2": 75.0817611111111,
    "3": 53.27620555555554,
    "1": 118.69287222222222
  },
  "nodal_density": {
    "5": 66.36793178485445,
    "16": 108.16135191928274,
    "20": 41.6691417238945,
    "12": 108.17831675008684,
    "24": 182.42211244506177,
    "8": 66.32643409028381,
    "17": 182.42423469443526,
    "1": 108.16552617925315,
    "19": 41.65593925937043,
    "22": 108.09533535965531,
    "23": 182.42211244506177,
    "6": 66.30831569310402,
    "11": 108.21223943619611,
    "9": 66.21385044114525,
    "14": 108.16552617925315,
    "3": 41.65584409901097,
    "7": 66.338126916323,
    "25": 66.32360193038916,
    "4": 66.5094216734501,
    "13": 41.65584504321758,
    "15": 108.16552617925315,
    "2": 41.65584504321758,
    "21": 66.20906346802703,
    "10": 66.15707349330225,
    "18": 41.6766384151245
  },
  "valve_flow": {},
  "resistor_flow": {
    "1": 49.414441666666654
  },
  "control_valve_flow": {
    "2": 21.805555555555554,
    "1": 21.805555555555554
  }
}
