{
  "nodal_pressure": {
    "5": 7.482614178210497e6,
    "16": 1.1188208407026518e7,
    "20": 4.999182656407356e6,
    "12": 1.1189683799631894e7,
    "24": 1.6782156294677407e7,
    "8": 7.4785108007490635e6,
    "17": 1.678231261053978e7,
    "1": 1.11885717054829e7,
    "19": 4.997744455933571e6,
    "22": 1.1182465572841465e7,
    "23": 1.6782156294677407e7,
    "6": 7.476719152182341e6,
    "11": 1.119263430160404e7,
    "9": 7.467374604195356e6,
    "14": 1.11885717054829e7,
    "3": 4.997733893382622e6,
    "7": 7.479667369276285e6,
    "25": 7.478230576962233e6,
    "4": 7.496600840073932e6,
    "13": 4.997733816504478e6,
    "15": 1.11885717054829e7,
    "2": 4.997733816504478e6,
    "21": 7.466900993138552e6,
    "10": 7.461756201069359e6,
    "18": 5.000000014901161e6
  },
  "pipe_flow": {
    "5": 64.2464266368931,
    "16": 15.969405000817053,
    "12": 21.805555555555554,
    "8": 96.88731666666665,
    "17": 21.805555555555554,
    "1": 49.41444166666666,
    "19": 26.63810277777777,
    "6": 54.446445585329094,
    "11": 39.37211111111112,
    "9": 21.805555555555554,
    "14": 37.306800554738494,
    "3": 118.69287222222222,
    "7": 42.440871081337555,
    "4": 54.446445585329094,
    "13": 37.306800554738494,
    "15": 37.774960556372605,
    "2": 118.69287222222222,
    "10": 75.08176111111109,
    "18": 26.63810277777777
  },
  "loss_resistor_flow": {},
  "short_pipe_flow": {
    "1": 69.27843055555556
  },
  "compressor_flow": {
    "2": 75.08176111111109,
    "3": 53.27620555555554,
    "1": 118.69287222222222
  },
  "nodal_density": {
    "5": 64.06462286185939,
    "16": 103.02195794273348,
    "20": 40.63668430506877,
    "12": 103.03842281981059,
    "24": 170.9046954745619,
    "8": 64.02413848102601,
    "17": 170.9067448834979,
    "1": 103.02601215883945,
    "19": 40.62374004902297,
    "22": 102.9578771063202,
    "23": 170.9046954745619,
    "6": 64.00646371801137,
    "11": 103.07135169064986,
    "9": 63.91429711968909,
    "14": 103.02601215883945,
    "3": 40.62364498541533,
    "7": 64.03554872101532,
    "25": 64.0213739760547,
    "4": 64.20266096033188,
    "13": 40.62364429350745,
    "15": 103.02601215883945,
    "2": 40.62364429350745,
    "21": 63.90962663785367,
    "10": 63.85889667723464,
    "18": 40.64404110980905
  },
  "valve_flow": {},
  "resistor_flow": {
    "1": 49.41444166666666
  },
  "control_valve_flow": {
    "2": 21.805555555555554,
    "1": 21.805555555555554
  }
}
