{
    "boundary_compressor": {
        "1": {       
            "control_type": 0,
            "value": 1.257963995
        },
        "2": {
            "control_type": 0,
            "value": 1.271773611
        },
        "3": {
            "control_type": 0,
            "value": 1.219272584
        }
    },
    "boundary_nonslack_flow": {
        "3": 150,
        "5": 124.9999828
    },
    "boundary_pslack": {
        "1": 3447378.645
    }
}