{
  "nodal_pressure": {
    "5": 31154.49616778826,
    "4": 665653.1486312016,
    "6": 4.375e6,
    "7": 4.221512601816018e6,
    "2": 3.324025670721274e6,
    "8": 805440.3098437538,
    "3": 795994.0061890787,
    "1": 3.5e6
  },
  "pipe_flow": {
    "5": 125.00000000000001,
    "4": 61.64485829404645,
    "2": 213.35514170595354,
    "3": 63.35514170595356,
    "1": 275.0
  },
  "compressor_flow": {
    "2": 213.35514170595354,
    "3": 125.00000000000001,
    "1": 275.0
  },
  "nodal_density": {
    "5": 0.22553020273241986,
    "4": 4.81872307456822,
    "6": 31.671018900139217,
    "7": 30.559909805552223,
    "2": 24.062921106734034,
    "8": 5.830654920227547,
    "3": 5.762272277579851,
    "1": 25.336815120111375
  }
}
